,source,amount,sum
0,multisigs,3,865883196057845
1,pre_bostrom_heroes,57,149999999972
2,comm_pool,8,970000000000
3,cyberd_bot_sergey,51,15000000000
4,delegation,42,500000000000
5,euler-4,76,5000000000002
6,inventors,3,21000000000000
7,investors,21,40000000000000
8,lifetime,57,500000000000
9,load,74,499999999996
10,port,21,1810580449921
11,relevance,36,500000000705
12,sergeandmyself_rewards,136,287502378000
13,takeoff,56,12141223492234
14,posthuman_rewards,80,16000000000
